,precision,recall,f1-score,support
0,0.9219858156028369,0.9133489461358314,0.9176470588235295,427.0
1,0.8963855421686747,0.9117647058823529,0.9040097205346294,408.0
2,0.9520958083832335,0.9432203389830508,0.9476372924648787,1180.0
3,0.8263888888888888,0.8592057761732852,0.8424778761061946,277.0
4,0.9559118236472945,0.9665653495440729,0.9612090680100756,987.0
5,0.89,0.7807017543859649,0.8317757009345794,114.0
accuracy,0.9301503094606542,0.9301503094606542,0.9301503094606542,0.9301503094606542
macro avg,0.9071279797818214,0.8958011451840929,0.9007927861456477,3393.0
weighted avg,0.9303686974717207,0.9301503094606542,0.9300870665836237,3393.0
