Metric,Value
Accuracy,0.8779840848806366
Precision,0.8792659883683545
Recall,0.8779840848806366
F1-Score,0.8767844109969946
