,precision,recall,f1-score,support
0,0.9151376146788991,0.9344262295081968,0.9246813441483198,427.0
1,0.9205128205128205,0.8799019607843137,0.899749373433584,408.0
2,0.9406276505513147,0.9398305084745763,0.9402289105553201,1180.0
3,0.837037037037037,0.8158844765342961,0.8263254113345521,277.0
4,0.9512437810945273,0.9685916919959473,0.9598393574297188,987.0
5,0.8495575221238938,0.8421052631578947,0.8458149779735682,114.0
accuracy,0.9269083407014441,0.9269083407014441,0.9269083407014441,0.9269083407014441
macro avg,0.9023527376664155,0.8967900217425374,0.8994398958125105,3393.0
weighted avg,0.9265723691745811,0.9269083407014441,0.9266381623870624,3393.0
