Metric,Value
Accuracy,0.3477748305334512
Precision,0.1209473327525707
Recall,0.3477748305334512
F1 Score,0.1794770610231675
