,precision,recall,f1-score,support
0,0.9020501138952164,0.927400468384075,0.9145496535796767,427.0
1,0.9095477386934674,0.8872549019607843,0.8982630272952854,408.0
2,0.9342327150084317,0.9389830508474576,0.9366018596787827,1180.0
3,0.8252788104089219,0.8014440433212996,0.8131868131868132,277.0
4,0.954728370221328,0.961499493414387,0.9581019687026754,987.0
5,0.8411214953271028,0.7894736842105263,0.8144796380090498,114.0
accuracy,0.9216033009136457,0.9216033009136457,0.9216033009136457,0.9216033009136457
macro avg,0.8944932072590781,0.8843426070230884,0.8891971600753804,3393.0
weighted avg,0.9211530981695117,0.9216033009136457,0.9212921546511292,3393.0
